Source,Target,Label,Id,Type
native countries, bitter disputes, caused,0,
countries, help, asking,1,
art collectors, rights, have,2,
government, repossession, achieved,3,
peru, similar patrimony law, has,4,
united states customs service, recovery, pursued,5,
major natural history athropological museums, pre - columbian peruvian art, exhibited,6,
peruvian embassy, artifacts return, celebrates,7,
customs special agent richard conger, 10 hours, spent,8,
bernstein, value, declared,9,
60-year old evans, fatal heart attack, suffered,10,
search, 587 more peruvian archeological treasures, uncovered,11,
"(""todays reception""", official turnover, marks,12,
peru, ownership, claims,13,
people, u.s, know,14,
authorities, legal power, have,15,
u.su.s, only one other such bilateral agreement, has,16,
magistrate court, a half-dozen artifacts, turn,17,
district judge richard l. williams district judge richard l. williams, sentencing, set,18,
bernstein, customs officials, told,19,
section, photographs, features,20,
final room, viewer, satisfy,21,
congress, unesco convention, ratified,22,
time, toll, taking,23,
openness, easy access, give,24,
temples, street corner, grace,25,
stone statues, street walls, adorn,26,
nepal, nepal doors, nepal,27,
priests, detailed lists, maintain,28,
peru, treaty, helped by,29,
ang, detailed examination, instituted,30,
minister,"2,500-year old weaving", wrapped up,31,
gallery, mantle, has,32,
paracas mantle, centrepiece, form,33,
federal government, stolen relic, returned,34,
federal government,"35,000", paid,35,
rush, unprecedented boom, seen,36,
historian chettry, thefts, describes,37,
police, significant bust, made,38,
san antonio museum, 255-piece hoard, bought,39,
metropolitan team, three alternative compromises, offered,40,
the other half, the other half, found,41,
republic, anatolian museum, served,42,
owners, case, left,43,
one robert hecht, letter, produced,44,
donor, value, deduct,45,
mezzacappa, brooklyn museum, donated,46,
lawrence kaye, half, claimed,47,
men, broken urn, unearthed,48,
son, men, sold,49,
koch and koch partners, coins, bought,50,
mezzacappa, $ 1m, paid,51,
turkish officials, true value, estimated,52,
new york based american turkish society, garlanded sarcophagus, sent off,53,
police, six 9th and 10th century sandstone idols, intercepted,54,
indian laws, export, prohibit,55,
koch, ancient coin collection, stand,56,
koch, america cup yacht race, won,57,
koch, two of koch brothers, sued,58,
koch, 43 million refund, won,59,
case, bazaars, include,60,
kagan, ancient coins, mentioned,61,
koch, coins, collected,62,
federal judge, seizure, upheld,63,
turkey, mr, accused,64,
koch and koch partners," some 1,700 coins", bought,65,
hurter, ms, maintains,66,
turkish officials, mr, approached,67,
mcnall, view, changed,68,
vermeule, caution, expressed,69,
koch, bigger problems, have,70,
federal district judge g. stearns, mr, described,71,
stephen, about $3 million, bouthg,72,
share privacybadger, facebooklike button, replaced,73,
valley cultural vanguard, singular passivity, showed,74,
pictures, incontrovertible proof, taken,75,
thousands, 25 museums, fill up,76,
overseas demand, pull factor, constitutes,77,
identification, sustained investigation, require,78,
images, widest possible distribution, receive,79,
robbery, hard, hit,80,
pictures, undeniable proof, provide,81,
nepali artist, task, took up,82,
italy, action, taken,83,
raid, six alleged conspirators, netted,84,
cammarata, phiale, shows,85,
steinhardt, $ 1.2 million, offered,86,
haber, haber route, retraced,87,
greece, similar laws, have,88,
common law, private collections, put,89,
dispute, room, leave,90,
romans, greece, decried in,91,
spanish, mexico, pillaged,92,
political problems, scientific study, delayed,93,
similar fate, bronze age settlements, befell,94,
popularity, wave, triggered,95,
recent antiquities auctions, standing room crowds, drew,96,
items, vague references, carry,97,
largest database," more than 100,000 stolen items", lists,98,
insurance company, restitution, wants,99,
eisenberg, vase, purchased,100,
people, collection histories, make up,101,
united states, treaty, ratified,102,
united states, pacts, concluded,103,
koch,"2,400-year old coins", acquired,104,
elizabeth landt staff map map, location, shows,105,
elizabeth landt staff map map, route, shows,106,
large knob, navel, represents,107,
andrew, 20-year odyssey, graphic,108,
november 1991 veres, phiale, brings,109,
december 1991 veres, phiale, acquires,110,
1991 haber, possession, takes,111,
customs declaration, customs declaration value, puts,112,
1992 steinhardt, steinhardt phiale1992 steinhardt, displays,113,
customs agents, steinhardt phiale, seize,114,
italian authorities, six people, arrest,115,
authorities," more than 10,000 artifacts", confiscate,116,
small ceremony, god, welcomed,117,
unknown american collector, three sculptures, returned,118,
one event, pattern, changed,119,
gods, country, published in,120,
american collector, the day, remembers,121,
swiss high court, 62-year old antiquities smuggler edip telli, returned,122,
tellis, nationality, took on,123,
swiss court, file, examined,124,
thieves, jade figures, stole,125,
burglaries, advantage, has,126,
national geographic channel, early publicity materials, pulled,127,
critics, posting, found,128,
press director margaret, artnet news, told,129,
wall label, eight, lists,130,
scrupulous buyer, painting, purchase,131,
security guard, new york times, told,132,
police, siva, lodged in,133,
india, clear case, make,134,
toledo museum, stone sculpture, has,135,
helen mirren latest film, true story, tells,136,
story, fact, mitigate,137,
czernin findings, niece maria altmann claims, boosted,138,
arbitration panel, painting, awarded,139,
niece maria altmann, portrait, sell,140,
moma provenance research project, list, provides,141,
norton simon museum, list, provides,142,
artisans, tools, put up,143,
rago, current laws, following,144,
jessica metcalfe, connection, draws,145,
rhapsody, story, tells,146,
war, little, many us citizens,147,
government," about 120,000 japanese americans", relocated,148,
three persons, precious ashtadhatu idols, carrying,149,
thieves, ashtadhatu idols, stole,150,
tenth judicial district prosecutor thomas deen, elizabeth p. thurman, charged,151,
charges, lengthy state police investigation, follow,152,
auditors,"182,446", report,153,
elegant drawings, margins, adorned,154,
federal scientist, global warming, links,155,
merchants, merchants wares, singed,156,
krak de chevaliers, scars, bears,157,
appetite, opening, created,158,
one worker, column head, washes down,159,
artist, claims, made,160,
nga, willingness, showed,161,
kapoor arrest, process, speeded up,162,
priests, laxmi narayan mandir committee, informed,163,
priests, silver, took,164,
donation box, chain, had,165,
brooksbank, unspecified reward, offering,166,
brooksbank, inscription hall, contains,167,
cannon, a hundredweight and a half - the equivalent, estimates that,168,
key element, removal, includes,169,
removal, unobstructed view, allow,170,
"(""moscows pushkin museum""", mega expansion, plans,171,
sebastiano antoci, kids, told,172,
unit, antiquities trafficking, combats,173,
1 artwork, list, wanted,174,
police, tomic, traced,175,
new sign, hollyweed, read,176,
high quality global journalism, investment, requires,177,
select topic, email addressinvalid email sign, enter,178,
issue, widespread concern, triggered,179,
art dealers, losses, facing,180,
"(""todays more complex art market""", new players, contains,181,
letter, legal process, likened,182,
native americans, native americans rights, yield,183,
repatriation, end, spell,184,
some 200 tlingit, some 200 tlingit dna, offered,185,
pediatricians, books, handing out,186,
scientists, truce, begin,187,
cash strapped west yorkshire council, potential, sold at,188,
times current auction prices, value, estimated,189,
northampton borough council, ancient egyptian statue, accused of,190,
members, northampton sekhemka, examine,191,
public gallery staff, northampton sekhemka, examine,192,
barack obama, law, used,193,
europe wide police operation," more than 3,500 stolen artworks", recovered,194,
recovered items, marble tombstone, included,195,
coin collector board, 40 coins, shows,196,
europe wide police operation, place, took,197,
interpol, interpol database, europol co-ordinated efforts,198,
world customs organisation, world customs organisation, contributed,199,
national trust, portraits, included,200,
legendary beast jesus restoration, legendary beast jesus dedicated arts center, recommended,201,
david, head, contemplating,202,
peter doige, aris title @aris_argogroup, courtesy,203,
militants fanaticism, one of the most important archaeological sites in the middle east, devastated,204,
iraqi archaeologist, remains, examines,205,
140-foot high ziggurat, gaze, arrested,206,
militants, winged bulls, dismantled,207,
tombs, troves, yielded,208,
government, priorities, has,209,
salih, two shiite militiamen, questioned,210,
artefacts, persian manuscript, include,211,
detectives, stolen items, recovered,212,
memo, object, described,213,
memo, memo, said,214,
"(""\\o""", object, described,215,
levitan," about 1,000 paintings", completed,216,
judge, judge, abused,217,
lord elgin, parthenon sculptures, transported,218,
artist, bathroom walls, painted,219,
montreal mural festival, major work, commissioned,220,
people, bonfire," ""s""",221,
idea, different meaning, takes on,222,
zilon, backdrop, painted,223,
district," more than $709,000 worth", owns,224,
district, district options, weighing,225,
bedford old bedford village, national attention, gained,226,
post, post way, making,227,
obama, gold butte national monument, set,228,
gold butte, abundant rock art, includes,229,
orrin hatch, obama declaration, called,230,
attack, intent, exceeds,231,
inter - tribal coalition," ""wednesdays announcement""", applauded,232,
residents, monument push, opposed,233,
27-million acre network, monuments, includes,234,
monument designation, southern utahns, rankles,235,
sitla, roughly $50 million, awarded,236,
peruvian embassy, eight peruvian pre-hispanic relics, recovered,237,
recovery, importance, reflects,238,
parents, parents children, recognise,239,
weighty forgery scandals, korean art world, swept,240,
prosecution, end, puts,241,
state, complete collection, represents,242,
abbey, female religious order, housed,243,
peter beer, speculation, dismissed,244,
munich freising vicar general msgr, ap, told,245,
nepal police, new lead, found,246,
arrested man, involvement, pointed out,247,
police, manhunt, intensified,248,
temple, statues, had,249,
police, case, registered,250,
manickavel, hindu, told,251,
cib team, sudan ratna shakya, arrested,252,
police, bilaxmi sedhai, arrested,253,
police, kalu lama, arrested,254,
jean paul, law, studied,255,
family foundation, numerous loan exhibitions, organises,256,
painter sculptor lee ufan, variety, created,257,
gallery, gallery, sold,258,
owners, owners, checking,259,
2016 lucas, elder, cranach,260,
photo, multnomah county sheriff office, courtesy,261,
royal museums, six locations, comprise,262,
latest development, max, brought,263,
crescent city, crescent city share, had,264,
latest alleged incident, hefty line, been among,265,
lether, guesthouse, rented,266,
aspiring art collector, aspiring art collector, found,267,
opportunistic outlaw,"250,000 painting", removed,268,
sensabaugh, plywood wall, erected,269,
umbrella girl, umbrella girl, continues,270,
"(""egypts ministry""", limestone relief, received from,271,
abdel-gawad, ahram, told,272,
hsi agents, child sarcophagus, seized,273,
agents, panel, returned,274,
ray, cultural property art antiquities program, oversees,275,
team, theft, investigates,276,
ice," almost 8,000 items", returned,277,
agents work, two criminal convictions, led to,278,
looters, layering, a fragment of,279,
print, ufc fighter conor mcgregor, shows,280,
actress, mccaul, aoibheann,281,
"(""rory oneill""", nasty mail, received,282,
hildesheimer, suicide, committed,283,
bill, skeleton, transfers,284,
national commission, office, have,285,
klaas muller, work, bought,286,
katharine cree, jacobean architecture, is,287,
1929 photograph, throckmorton monument,a 1793 engraving,288,
history, history, repeating,289,
ukrainian president, tribute, treasures of,290,
diplomatic bureaucracy, official handover, delayed,291,
court, four of the 12 suspects for the theft to prison terms of five to ten years on 5 december, sentenced,292,
two other suspects, reduced sentences, received,293,
beth, freeman, labson,294,
plea deal, total value, put,295,
french laundry case, prized bottles, involved,296,
video duration 00:37 stars, george michael, mourn,297,
public, unpredictable things, do,298,
clumsy caterer, thumb, broke,299,
british caterer, thumb, knocked,300,
brazilian tourist, 300-year old statue, toppled,301,
artist, live art, performs,302,
denver art goer, denver art goer behaviour, blamed,303,
man, protest, staged,304,
ricky mcconnell, stunt, pulled off,305,
mcavoy, john, met,306,
2009 trinca, brick, dedicated,307,
thomas bateman jr, thomas bateman jr, trinca,308,
fike, phone, got,309,
giunta, medal, received,310,
clarence, fike grandfather, hartzell,311,
bruce klein, number, found,312,
fike, dog tags, contained,313,
family, mysterious letter, received,314,
sylvia, reply, received,315,
boys, kinds, tell,316,
watson, report, heard,317,
watson, items, sent,318,
fike, fike, buy,319,
heart fike, medal, reconnects,320,
tribes, kennewick man, call,321,
new law, bones, hand,322,
land, wonderful sound, making,323,
gold light, wonderful sound, making,324,
footage, man, showed,325,
turkish special forces, gallery, killed by,326,
turkish interior ministry, attacker, named,327,
killing, ongoing evacuation deal, throws into,328,
g}lu, \\c c}avu{\\c, insisted,329,
turkish police, area, secure,330,
g}lu career, fantastic highs, saw,331,
russian actions, turks, angered,332,
bullet, turkish russian relation, aims,333,
cost, looting, included,334,
story, fortuitous discovery, includes,335,
dublin artist, potential lead, received,336,
mr, mr, expressed,337,
gun aficionados, rifles, admire,338,
original gunsmiths kids, craft, handcrafted by,339,
police, time, narrowed,340,
volunteers, reward fund, announced,341,
wessner, inquiries, deferred,342,
15th century ghent altarpiece, adoration, has at,343,
breast wound, blood, is,344,
altarpiece, dark, has,345,
scientists, painting, bombard,346,
flemish government, budget, allocated,347,
pascale fraiture, panels, examined,348,
provost, cathedral ghent, bavo,349,
van wakeren," ""ronald van wakerens application""", had,350,
findings, french image analysis firm lumiere technology conclusion, contradict,351,
renowned paintings, mode, include,352,
apollo 11 mission astronauts, 47.5 pounds, collected,353,
carlson, bag history, discovered after,354,
carlson, motion, filed,355,
noorsarai police, one kamlesh yadav, arrested,356,
worshippers, andhra pradesh, traced to,357,
australian arts minister mitch fifield, artefacts, handed over,358,
notorious antique smuggler vaman ghiya, foundation, shook,359,
shady network, new arms, sprung,360,
chargesheet, prominent hitherto unknown indian smuggler, names,361,
thieves, itemthe national maritime museum, took,362,
iraqi security personnel, unique kuwaiti ancient manuscript, seized,363,
freshlyestablished security team, relics trader, lured,364,
piece, stamp, bears,365,
wiener, bronze buddha, bought,366,
email address, email address, enter,367,
high profile new york art dealer, illicit asian objects, sold,368,
wiener, an 11th century baphuon shiva, purchased,369,
one of the more high-profile transactions, sale, involved,370,
doris daughter, records, removed,371,
mother doris wiener, false documentation, provided,372,
three armed robbers, castelvecchio museum, stolen in,373,
particular sale, 239 artifacts, features,374,
tribes, return, seek,375,
1923 stuart, lease, secured,376,
doc stuart, human remains, found,377,
accompanying description, estimated value, lists,378,
president petro poroshenko, 17 paintings, conveyed,379,
people, guard, include,380,
two thieves, golden associates antiques, targeted,381,
video surveillance, couple, shows,382,
store, store policies, reviewing,383,
young artists, young artists, wish for,384,
patna based jain sangh president, shock, expressed,385,
police, miscreants, identified,386,
nazis, family members gallery, taken to,387,
masha mcconaghy, masha, imagined,388,
blockchain, solution, presents,389,
advertising inread, total confidence, had,390,
intimate works, portraits, include,391,
napoleon, napoleon louvre bound stash, assembled,392,
1811 decree, transfer, ordered,393,
opponents, director, accuse,394,
legislative bill, exception, contains,395,
lot, money, have,396,
harp attorney pierre, times, provided,397,
aamd programs, international professionals, include,398,
organization, legislation, supported,399,
difanis, multiple phone calls, return,400,
russia, loans, embargoed,401,
senator pat leahy, principled opposition, had,402,
communist socialist nations, problem, had,403,
schumer, new bill, brought,404,
old, diamond center stone, designed by,405,
william randolph hearst, william hearst, gave,406,
platinum diamond ring, 6 ct, contains,407,
van cleef & arpels platinum 18k gold necklace, fleur de lis center, has,408,
william randolph, rare example, purchased,409,
new orleans police, courtney lether, booked,410,
estimated value, estimated value, make,411,
artist widow, police lether, told,412,
thieves, an estimated $500 million worth, stole,413,
"(""montreals max stern restitution project""", two dutch old masters paintings, recovered,414,
passage, return, complicated,415,
stock, recovery, mark,416,
week restitution, stern estate 14th 15th recoveries, marks,417,
hawai \xa0 ªi national parks, returned items, fielding,418,
local post offices, stolen stones, receive,419,
hawaiian islands, 8.6 million visitors, saw,420,
germany federal crime office, landscape, (image,421,
latest restitutions, total number, bring,422,
malian authorities, red list, unveiled,423,
places, fabled history, have,424,
san francisco home, market, hit,425,
lucky luke brugnara, seven year sentence, serving,426,
ministry, two islamic-era egyptian lamps, received,427,
thieves, thieves, replaced,428,
unesco office, rapid assessment mission, led,429,
thief, pricey piece, swipes,430,
prominent business executive, gift, gave,431,
items, sword scabbard ukrainians, included,432,
crimean museums, three months, have,433,
rarities, hundreds of thousands, command,434,
"(""yesterdays raid""", known members, targeted,435,
libation cups, vessels, drinking,436,
authorities, notorious rathkeale rovers criminal traveller gang, monitoring,437,
fbi, two vincent van gogh paintings, valued,438,
garrett, painting, took,439,
jefferson county grand jury, garrett, indicted,440,
u.s. marshals, garrett, arrested,441,
event, place, took,442,
museum security, fourth 2016 performance, stopped,443,
court, court verdict, deliver,444,
festival, place, took,445,
artists, tented booths, use,446,
isis fighters, ancient city, play,447,
facebook twitter google plusembed isis fighters, ancient city, destroy,448,
recent visit, devastating scale, revealed,449,
yuka tachibana nbc news iraq, thousands of precious objects from yuka tachibana / nbc news iraq national museum and other archaeological sites, lost,450,
isis, iraq hatra archaeological site, damages,451,
department, complaint, filed,452,
district court, forfeiture, seeking,453,
islamic state, ancient syrian city, recaptured,454,
u.s department, stunning sarcophagus, seized,455,
artifact, artifact, make,456,
dozen empires, peninsula, ruled,457,
history, modern governments, bridges,458,
artifacts, ceremonial gold helmet, include,459,
claude cassirer, friends, told,460,
virtual reality, news watch, changing,461,
new york gallery dealer, extensive art collection, sold,462,
baron receipt, virtually, said,463,
museum, numerous antiquities, returned,464,
cassirer family, museum, found,465,
law, breathing room, affords,466,
common law fraud, damages, show,467,
omissions, basis, form,468,
baldwin, written contract, have,469,
buyers, breach, allege,470,
illegal excavation, damage, caused,471,
hollowed burial caves, items, contain,472,
suspects, year prison sentence, face,473,
islamic state fighters, site, recaptured,474,
police, arrest, made,475,
stolen items, world war ii nazi germany war medals, included,476,
spanish government, thyssen bornemisza collection, acquired,477,
sources, price," ""christies bought collectrium in""",478,
concordia university, amicable discussions, had,479,
max, dominion gallery, opened,480,
max, children, have,481,
people, people art, are,482,
carmel police department, carmel police department investigation, continues,483,
work, pencil sketch, include,484,
bill, objects, exempts,485,
ohio collector scott mueller, noland log cabin, bought,486,
manhattan federal court, collector claims, dismissed,487,
fhm exhibition, ways, documents,488,
modern tribes, findings, published,489,
dubai, new home, visit,490,
police, shivlinga, recovered,491,
prices, underground market demand, fueled,492,
historic agreement, called cultural property agreement, marks,493,
egypt, egyptian sarcophagus, shoukry,494,
u.s. immigration and customs enforcement, five illegally smuggled ancient artifacts, repatriated,495,
agency, international fugitive, seeking,496,
hsi new york, nesting sarcophagus, recovered,497,
customs border protection officers, shipment, seized,498,
inch tall egyptian cat statue, specialty, has,499,
images, stir, caused,500,
spokesperson, port, confirmed on,501,
austrian head, france, occupied,502,
expert appraisers, market value, estimated,503,
students, connection, had,504,
somebody, paintings, has,505,
retailers tjx, similar responses, asked if,506,
edwards work, watermarked low resolution, posted,507,
minister," ""cim{\\a}n""", presented at,508,
egyptian embassy, two islamic lamps, received,509,
enany, minister, expressed,510,
stolen sarcophagus, three parts, repatriated,511,
hollande, contribution, announced,512,
iraqi forces, emirati capital, retook,513,
iraqi forces, intricate reliefs, found,514,
france, increasingly strong ties, looted,515,
original music video, people, features,516,
geers, instances, cites,517,
otsuka museum, ability, offers,518,
art lovers, paintings, view,519,
notable projects, sized reproduction, include,520,
tutankhamen replica tomb, authentic musty smell, missing,521,
authentic musty smell, digitally restored panel, features,522,
otsuka museum, limited air conditioning, has,523,
otsuka museum, copy, features,524,
sun, statues, created so,525,
ramses, ramses beard, lose,526,
nazis, power, restituted to,527,
collection, works, included,528,
mosse, estate, bequeathed,529,
family, share, had,530,
prussian cultural heritage foundation, eight works, returned,531,
jewish museum, oil sketch, returned,532,
family members, lawsuit, filed,533,
reuters, background, give,534,
nazi propaganda newspapers, flechtheim picture, used,535,
nazis, control, aryanized,536,
flechtheim wife, suicide, committed,537,
mother, suit, followed,538,
29 members, letter, embroiled in,539,
bavaria, barely a dozen works, returned,540,
"(""five of ustad bismillah khans shehnais""", shehnais, gone,541,
police, arms, recovered,542,
bhosale, support technical guidance, provide,543,
thieves, antique nataraja idol, took,544,
personnel, spot, reached,545,
team, spot, visited,546,
two of his murals, hallowed corridors, adorn,547,
trophies, purpose, serve for,548,
baba, stairs, take,549,
museologist vinod daniel, ausheritage, chairs,550,
museums, director, have,551,
staff, capacity, have,552,
museums, collection development strategy, have,553,
fold, audience, drive,554,
museums, little, incorporating,555,
the 10th century temple, security, lacks,556,
frequent thefts, apathy, exposed,557,
silvestri, twin brother, ricciardi,558,
thief, painting, fished,559,
young lady, scarf, had,560,
media captionclaudia maga, young lady discovery maga, describes,561,
border police, package, made,562,
customs border protection, page, repatriated,563,
"(""todays ceremony""", important stepping stone, marks,564,
ice," more than 7,800 artifacts", returned,565,
forgery, latest academic research, require,566,
ziad al saad, archaeological site, hailed,567,
father zerafa, dominican monastic order, born into,568,
tape, ransom, wanted,569,
worker, small booklet, has,570,
police, helicopter, had,571,
thieves, excellent lawyer, had,572,
father zerafa, book, penned,573,
people, works, launched to,574,
work, place, asked before,575,
distinctive items, sapphire ring, include,576,
watch, hardcastle, have,577,
islamabad, the site six months ago, acquired,578,
american robert mattielli, mary alley, visited,579,
yoon dong-han, rare 14th century goryeo buddhist painting water moon avalokitesvara, purchased,580,
2014 photo, camille pissarro 1897 impressionist masterpiece, shows,581,
circuit court, issue, takes up,582,
cassirer heirs," ""spains thyssen-bornemisza museum""", asked,583,
courtesy, shankbone, commonsdavid,584,
anish, $13.5 million tribeca pad, recommended,585,
baron hans heinrich thyssen bornemisza, painting, bought,586,
detectives, raid, mounted,587,
permission, haul, found,588,
artists, free ports, accept,589,
father, bits, stuff like,590,
regime, arrangements, make,591,
abdelrahman, up to 25 years, face,592,
relics, vast black market, join,593,
amr al-azm, market, describes,594,
local museum curators," museum nearly 2,000-square meter collection", covered,595,
educational scientific cultural organization unesco paris office, syria, tells,596,
idlib ruling coalition, artifacts trade, prohibits,597,
islamic state, attempted invasion, launched,598,
great institutions, great institutions, viewed as,599,
police, two roman lead coffins, recovered,600,
andy, one from an auction house in cirencester and another from a house near melton mowbray, recovered,601,
sotheby catalogue cover, two icons, features,602,
ivanov, contested lots, withdrawn,603,
roxley foley friends, events, observed,604,
fact, striking point, advertisement,605,
tallahassee," more than 15,000 pounds", weighed,606,
agency, exact price, included in,607,
emails, scope, indicated,608,
office nurse, one of the most extreme reactions, had,609,
gsa, tests, noted,610,
officials, criminal investigation, launched,611,
martin, academic appointments, holds,612,
bill, vote, require,613,
congressman steve pearce, following statement, issued,614,
congressman pearce, resolution, introduced,615,
justice department, real estate, targeting,616,
low assets, 380 million stake, include,617,
hakkasan chief executive officer neil moffitt, u.s, fighting,618,
tom montagliano montagliano, giant," "" photo credit",619,
members, blue dog painting, found,620,
print, ali, shows,621,
nazis, valuable belongings, stole,622,
art crimes expert robert k. wittman, new book, published,623,
wittman, wittman book, penned,624,
paintings, conservation, the hv/ac needed upgrades,625,
collection, philadelphia, made for,626,
wittman, collection, valued,627,
wittman, total global art market, estimates,628,
art crimes, roughly $6 billion, represent,629,
u.s sports markets, $26 billion, total,630,
"(""one of wittmans recent clients""","300,000 worth", bought,631,
art dealer, glass, resold,632,
house, proposed law, approved,633,
armenians, thing, tell,634,
laws, situation, contemplate,635,
leon zinder, works, stole,636,
december 2 - carabinieri art police, a second century marble head, recovered,637,
31-centimeter head, value, estimated,638,
dutch authorities, a second century marble head, handed,639,
geneva prosecutor office, nine cultural artifacts, confiscated,640,
news, attention, attracted,641,
workers, one partially buried body, discovered,642,
lucrative black market, widespread theft, fueled,643,
nawabs, riyasat, ruled,644,
latest scion nawab ali, latest scion nawab ali loyalty, shifted,645,
acrimony, news, makes,646,
alton hoard, gold ring, included,647,
peter beasley, ancient relics, found,648,
discovery, normal procedure, followed,649,
academics, praise, bland,650,
finders," ¬£103,000 valuation", split,651,
subsequent sales, alton examples, exceeded,652,
"(""beasleys informal appeal""", results, produce,653,
art institutions, 11 sculptures, returned,654,
political uncertainty, illicit access, enabled,655,
result, sandstone sculptures, presents,656,
jim sanborn, fake sculptures, sanborn,657,
master craftsmen, known sculptures, copy,658,
jim, intentionally broken fake angkorian sculpture, sanborn,659,
group, ancient native american ruins, defaced,660,
turkish government, ownership, claimed,661,
advertising inread, stacey, told,662,
officials, 70 coins, recovered,663,
officials, 29 coins, recovered,664,
john kerry, landmark bilateral memorandum, sign,665,
u.s, bilateral agreements, has,666,
media representatives, event, attend,667,
employer, official government photo identification card, present,668,
abu dhabi conference, heads, host,669,
demand, illicit trade, created,670,
abdel, sisi, fattah,671,
jewellery, bedroom, wrecked,672,
draft, value, mention,673,
united nations educational scientific cultural organization, safeguarding operations, oversee,674,
hollande, louvre abu dhabi, visited,675,
un cultural organisation unesco, damage, condemned,676,
taliban militants, huge buddhas, destroyed,677,
curators, aerial photograph, affixed,678,
wakils, aleppo room, based as,679,
belfast, clusters, and museums,680,
london, london wren churches, protect,681,
sheen, first-time collectors, attracts,682,
domestic trade, special licence, forbidden,683,
central government, objects, acquire,684,
infamous case, spotlight, shone,685,
cataloguing process, scholarship, permits,686,
kavita singh, perceptible decline, identifies,687,
vijay kumar, picture, reported in,688,
agnsw, thorough investigation, launched,689,
steady stream, local residents, provided,690,
al mahdi, attacks, ordered,691,
icc, al mahdi, sentenced,692,
al mahdi verdict, 2012 mali conflict, transcended,693,
al mahdi verdict, hope, offered,694,
war, precedent, established,695,
present day oppressors, distinction, see,696,
helen, deputy director, walasek,697,
indictment, jubilation, prompted,698,
rome statute, direct protection, gave,699,
maurice, the 19th century artwork, mentioned,700,
unclaimed mnr art, works, includes,701,
genealogists searches, genealogists, said,702,
art piece, dramatic story, has,703,
arizona art museum, painting, wants,704,
arizona art museum, frame, puts on,705,
visitors, marks, see,706,
treves, responses, likened,707,
dutch treasure house, dutch treasure house, buying,708,
writer, lack, sees,709,
writer, some three dozen self-portraits, executed,710,
corre, fire, set,711,
dame vivienne, crowd, told,712,
fire engines, corre protest, attended,713,
london based art gallery, painting, sold,714,
listing, england special important buildings, identifies,715,
austin artist chuck voelter, goodbye, said,716,
artist, american indian artist art, sold,717,
alleged copy, instagram, courtesy,718,
dispute, compelling view, offers,719,
rybolovlev, mr, accused,720,
rybolovlev family trust, nearly $2 billion, paid,721,
rybolovlev, criminal charges, leveled,722,
rybolovlev," ""sothebyss role""", questioned,723,
rybolovlev, issue, took,724,
spokesman, comment, declined,725,
meeting, place, took,726,
nazi german government, massive amounts, stole,727,
citizens, property, stolen,728,
hear act, year federal statute, establishes,729,
plainclothes officer, activist mother, informed,730,
taylor, shanghai, told,731,
"(""christies""", bronze cast, offering,732,
artist, pose, made in,733,
hamilton success, hamilton, led,734,
hamilton, desires, poses with,735,
work, hamilton accusations, brought,736,
highsmith, gross misuse, alleged,737,
highsmith, damages, claiming,738,
highsmith, highsmith images, donated,739,
beth tonkinson, thefts, reported,740,
police burglary detectives, search warrant, seized,741,
detectives, information, seeking,742,
geneva free port new boss, customs, like,743,
librarians, deep appreciation, afflicted with,744,
people, bibliomania, feared,745,
story," ""fern{\\a}ndez""", explains,746,
original woodcut, vain book collector, shows,747,
characters, uncanny resemblances, have,748,
collecting, sir phillipps family, landed,749,
contemporary scholars, bibliomania, linked,750,
scotland, date, made,751,
king edward, stone, returned,752,
stone, stone long journey, began,753,
police, heavy piece, find,754,
authorities, importer, repatriated,755,
mummy hand, intricately painted ancient sarcophagi, returned,756,
operation," about 7,000 artifacts", recovered,757,
john kerry, agreement, signed,758,
tomb raiders, history, featured in,759,
antiquities dealer khouli, up to 200 hours, indicted in,760,
picture, ancient egyptian gilded mummy mask, images,761,
u.s, two unilateral emergency import restrictions, has,762,
egyptian ambassador yasser reda, department, thanked,763,
people, diver, detected,764,
haggerty, daily inquires," ""haggertys makeup artist brand""",765,
wallberg, news agency, told,766,
"(""swedens straw yule goat""", sweden straw yule goat, has,767,
local municipality, 2.3 million kronor, spent,768,
defendant, cheap christmas decoration, left,769,
apilats, theft, denies,770,
chandannath temple, idols, had,771,
police, mauleshwor, detained,772,
police team, district, reached,773,
petitioner, written complaint, gave,774,
shanmugasundaram, serial, published,775,
police, idol wing cid, arrested,776,
samuel p. harn museum,"75,000 sculpture", purchased,777,
pieces,"31,500", totaled,778,
harn collection management policy, guidelines, follows,779,
indian authorities, father, arrested,780,
idol wing, incredibly important previously unidentified nataraja, recovered,781,
u.s department," ""67 attach{\\e} offices""", has,782,
cna, end, await,783,
protective silhouettes, protective silhouettes, considered to,784,
police, more than 100 antique idols, seized,785,
police, search, began,786,
seized antiquities unit, collection, impounded,787,
special investigation team, baul singer, arrested,788,
toulouse caravaggio painting, toulouse caravaggio painting, make,789,
locals, slogans, chanted,790,
district police office, hundreds of police personnel in the area, deployed,791,
ministry, investigation, started,792,
renowned chandannath temple, renowned chandannath temple significance, upset by,793,
head, crest, had,794,
dattatreya idol, around 30 kg, weighs,795,
theft, students, shocked,796,
nid, fir, filed,797,
nakashima, city, reached,798,
museum, skull, bought,799,
police, damage, investigating,800,
sort, real threat, poses,801,
at least two, city level protection status, enjoyed,802,
staff, money, say,803,
humphries, artwork, stolen,804,
art student romany fairall, artwork, had,805,
incident, rise, give,806,
museum employee, video, reported,807,
collection, superlative examples, comprises,808,
antiquities minister khaled anany, investigations, ordered,809,
commerce sites, sale, prohibited,810,
virginia holocaust museum, oral testimonies, seeking,811,
stolen items, distinctive turquoise persian plate, include,812,
gerald garrett, one count, facing,813,
gerald garrett, five years, spend,814,
james, value, estimates,815,
pablos, piece, wants,816,
antiquities department, important cypriot antiquity, identified,817,
amateur divers, long lost wrecks, discovered,818,
indonesian foreign ministry spokesman armanatha nassir, possible arrangements, rule out,819,
3 several paintings, estimated value, have,820,
police, police, found,821,
special team, 35 sovereigns, seized,822,
mareeswaran, gold, pledged,823,
shattered ruins, different things, say,824,
recommended reading, 10 record breaking lots, see,825,
2016 parish, work, purchased,826,
sumida hokusai museum, hokusai woodblock prints, feature,827,
passage, permits, requires,828,
federal authorization, compliance, requires,829,
expansion, ancient archaeological sites, destroying,830,
stand, protests, inspired,831,
pipeline, site, harm,832,
nhpa, preservation, guarantee,833,
native americans, little input, had,834,
archaeologists, buried villages, search out,835,
standing rock representatives, u.s, showed,836,
army corps, important cultural resources, staff,837,
hopi elder harold polingyumptewa," s{\\""o}{\\""o}y{\\""o}pi root", digs up,838,
items, turquoise persian plate, include,839,
graffiti vandal, scourge, proving,840,
china, china collectors, work,841,
overseas u.s collectors, collection, turned,842,
mr cornish, 13 years, spent,843,
work, nostalgic pictures, involved,844,
degenerate art unit, nazis campaign, investigates,845,
berlin research unit, research, publishes,846,
art, challenging counter - narrative, included,847,
mr, ceremony, led,848,
gallery co - director tuva trondsdatter, artnet news, told,849,
instagram posts, post, include,850,
sonic youth leader gordon, authorship information, included,851,
gallery, book, published,852,
mcnatt complaint, number, outlines,853,
boone, claims, denied,854,
harry potter fans,"4,000-year old megalithic tomb", defaced,855,
thief, four original canvas paintings, nabbed,856,
safeguarding endangered cultural heritage conference, more than 40 countries, brings,857,
gweagal shield, single conspicuous hole, bares,858,
kelly, different perspective, has,859,
prosecutors, investigations, filed,860,
legal aspects unesco, convention, adopted,861,
india, india, had,862,
states, proposed laws, having,863,
central government, national commission, proposed,864,
senior representatives, local meeting, held,865,
hue city, abandoned sculptures, move,866,
thuy tien tourist resort, operations, installed at,867,
hue city department, information, post,868,
husband, husband wife fakes, sold,869,
lee ufan forgery scandal, south korean art scene, rocked,870,
epic, key events, depicts,871,
conservators, plans, criticised,872,
nazis, prague, rolled up,873,
present political body, attention, paying,874,
spanish tourists, local police, alerted,875,
bernini elephant, romans, hurts,876,
museum, attribution, disputed,877,
works, consistent style, have,878,
"3,000-year old bronze wine vessel", large number, drew,879,
workers, fanglei, inspect,880,
group, bronze, acquired,881,
the past five years, increase, seen,882,
the 12th century baijnath temples, tourists, baijnath,883,
police, bizarre love triangle art heist, solved,884,
new york collector nicholas, art, kept,885,
artwork, work, included,886,
colleagues, couple, tavcar,887,
officers, couple, followed,888,
christopher griffin local projects, murals, include,889,
sunni islamist group, remains, controls,890,
militants, 10 colossal statues, destroyed,891,
experiences, background, formed,892,
collombert, collombert origin, traced,893,
subsequent footage, massive explosion, showed,894,
iraqi workers, floor, mop,895,
huge defensive mud brick wall vast palaces, archaeologists, drawn,896,
archaeologists, collection, unearthed,897,
experts, treasure, described,898,
main branch," more than 655,000 chinese artefacts", boasts,899,
israeli authorities, arson, reported,900,
fire, archaeological damage, caused,901,
national park, old city, surrounds,902,
today artwork, wall, ripped off,903,
foreign affairs ministry, audit service, informed,904,
park, pieces, created,905,
members, courtesy visit, adeyemi,906,
abel azcona, more than 240 consecrated hosts, stole,907,
judge, case, closed,908,
judge, consecrated stolen hosts, described,909,
exeter, crew, had,910,
destroyer, torpedo, fired,911,
scavengers, wrecks, located,912,
recreational diving school, new straits, told,913,
villager, body, saw,914,
visitor, picture, takes,915,
people, answer, received,916,
court, case, accepted,917,
defendants, responding files, submit,918,
family, statue, claim,919,
ubc museum, artworks, includes,920,
approach, purpose, serves,921,
art history lovers, access, have,922,
comedic geniuses, fry, spike,923,
young, diplomatic ranks, joined,924,
elgin, second wife, married,925,
european agency, ukrainian prosecutor, made,926,
incident, place, took,927,
canadian art historian, welsh ovcharov vincent van gogh, bogomila,928,
welsh ovcharov, cbc news, told,929,
van gogh, van gogh, shot,930,
welsh ovcharov, detailed analysis, provides,931,
15 november 2016 response, sketchbook, found,932,
experts, opinion, gave,933,
experts, style, examined,934,
drawing, bridgeman house, shows,935,
lost arles sketchbook, numerous mistakes, contains,936,
ginouxs, single van gogh drawing, own,937,
van gogh museum, information, included in,938,
senior source, significant advances, reported,939,
mumbai couple dinesh, manifold, expanded,940,
professionals, professionals, starting,941,
louvre museum, heritage artifacts, host,942,
association, risks, highlights,943,
association, daily updates, provides,944,
one project, regular assessments, conducts,945,
ali othman, al monitor, told,946,
un cultural body, act, described,947,
search,"1,145 clay pots", uncovered,948,
authorities, 22 copper coins, found,949,
question, attention, protected as,950,
secretary, moon house, visited,951,
anasazi, small villages, built,952,
police, number, issued,953,
police, 22 bronze coins, located},954,